0x2388dEeFB0aD59Ce0D8B890E6532b7f8642d8635,5
0x23ACF1f7136DF03e0fCc407a6d5CAFa4fbD5Ea8F,5
0x23aF24941e7E2C17f835F31Bc113DfAb134fa302,10
0x23BD179C4ac8128abC9706fb0E61A4b4dEe9D672,5
0x24896b0180D6a33Fb5205C9cbF72e65A4f762C9f,5
0x24CA6d19De4763cfA04F244BCC75329F1c416e84,5
0x255807dBC18249FD71eDECAcFd7f0d1dD56DD5C3,5
0x2584aE5099e039cF67596F76b703A1FeFE309617,5
0x2585156796B83Fa14Da7b52b5C7c27f4dF92a031,5
0x258fd17E71C4Ab6F34dEa8Cf838Feaacf2491B11,5
0x25EDD887FFd89eEb8d0BCA4aCFD42a51414B41bb,5
0x265A6d61A517064F07745CB37B13b1a2D7918aAD,5
0x266F108BF1e68c2f98719A45E80d2e62DA576059,5
0x268D48942ff842320d1b726B262f0710fE181d9B,5
0x26AbD6ED008781ef66E7b5714a2Fdb9141Bf732f,5
0x26adc42AAc37c74eb6e69b9099B5279dd630f8d2,5
0x26c879BD1E53eBFe948f574A11EDd9eD636eB489,5
0x26E77b8188F79a39c67519Ec99A2597Eb448741F,5
0x279a9ddd4a4169c8e2e36de856210c630121c0fe,5
0x280517B3bcb934Adcf43C1f28AbA5fd9f40f5976,5
0x28519a9B53D1989649d42e5F5F4Fb94A6c14C7d7,5
0x287EFb54868c6a5c174F86D6DD29AA51dC132471,5
0x28F61824B5D478b497B0538afa495E41b1aDd960,5
0x290706e97B21418720407FB9b08BFb29D2D88724,20
0x2915A80711C808723a188C61b3C27F9e0387e9A2,5
0x29435450a3F6F2bf5609eD9dFddA0e73F6586aC3,10
0x295a081414D7503E59b1D3F54Ac9Fcfa553FccB7,5
0x297A34B9A2F46db4e306fd1272b91306693616E0,5
0x2A4eF9fB6BbbBA9684cd59407405e1142a9c03A1,5
0x2AA72C6b2c4C73a4D8aE11374a183fd04f93C92e,5
0x2AE26e096Ab4aB6BB53361dF1E48ce358bc52d79,5
0x2B4f9759bD16D1548071499aeA0eCfd0C03B35Ee,5
0x2BBfc1F056930f4a522Aab903Cb8ccf0DD37582b,15
0x2C5bcC9523E0302C6B58dC6F892dC02df03dbEf2,5
0x2C5be36807869d4dF0925EA47af50e1ec70C18Ba,5
0x2C809d1f76D23E138C9B38049a8F8CF52E42D23a,5
0x2D2503B946DB4A3d3d0d8eD0A71200b4084fA94d,5
0x2da0ae9933c878fd5bb9246acb173e408b9cb5d9,15
0x2e1062A16cccDA8828437cFAaf1782dF34480065,5
0x2EB2eD7b58dBea2B3b5D23b0c62E2A17aabB0f09,10
0x2F26bC6756F480e801A2095e71b0a2765487679C,10
0x2F48C858d0533312213f138718E2898a63d740bF,5
0x2F635db9a4ad248068337326fdbb2297564efC52,5
0x2fB546Ec9ab1cec7aDEFD7dd0d0dc50F49300962,5
0x30257037212CD23dFa028dad28e2f43d8C65fa22,5
0x303595b6C064076fCbC337DEe75fA9be38F4cf9C,5
0x30c798f4641a66f85090b909e0347d0e4015f101,5
0x31e1444b7a023A10980abe6638E16eBd1348F5c1,5
0x31F87C85C640eB513A86A5493a018a7555229BDe,5
0x3254e509D0c7F6fBf713ce3D6DaCd5297Df8beAa,5
0x3263ed4092FC0b170E33475ea5a5d2c12171963d,5
0x32700443a9D3c2074E78985283d60f0aE87E6eF3,5
0x32Ed077f9a10f664bFEcb0A383F26552422E947F,5
0x32ff7652dD54ee2e8b6403655BB9954750B1EE50,5
0x33E9B032555eF31F4E536a9007Ba7ee885aaf346,5
0x343Efb2fc59725A0561918431b195ffC54Dea707,5
0x34B4335a670d9E2f0D10d537fa092E1D4FdF9e19,5
0x34E51d6BaE813f7aec9e66bA9934d38DdfDF60eA,5
0x34e65f7169e2f957e2BC367708a21b607F112b88,5
0x351670A09bB4B55FAe3eE8c74925E74b44e8b390,5
0x358B8E2B20E3C6357b91C49DD827F9115eB17356,5
0x3619f5C6A96D64777f4e2E08864438BD3912459D,5
0x36cA5F88F414CF3E542063c86696885f4B2b365D,10
0x36f240ffBD120883D3031719135154b399407Ad8,5
0x37536799EC3F7aF2a748e5De48bd5f3eE135bF16,5
0x37B7671688aBd77f7705c6baA0249f0dC75f382F,5
0x37Dcd5e9F5aE8cFEc3f82c0e9104aB3C6E230E3e,10
0x380F5520C6E33184c2D94fBe621FFacaa25e59FA,5
0x385F4e5BcbAaBBE10d67FcF459afeE99da2D4f28,5
0x38bF4b4703B88CA820843B0862DA2DA0fF935bB3,5
0x39F90B4BE141054Fc17C510922EF3B5906766ca2,5
0x3a006cF328083fc2D562d1e5B0E1bc45ccb544Db,5
0x3a7C90eDD023C6c5B70C626Af26B04b3355291fB,5
0x3A821A30886B8A3ec4bAD4408E145D39a3B6F5eE,5
0x3aab2c8923d57c9de091348ee4dee9822b151f15,5
0x3B176Fc3f3e3168c6Bba401DE61C8b257bF73d38,5
0x3b43b4363c06f7F723ea3FfB6aF7A4D6504986D6,5
0x3bcCF85e2BCa71982fFFA2Cd85093C1F5d571Eb0,5
0x3BfF78051F03A5B5F7691d8177Cb0a207C0Ba91E,5
0x3C683e0363e802D71576885042e407A3BE2ee0B6,35
0x3CAD4be035e24d462882b7CA306d0A49966BC05D,5
0x3d2f9caEf6625f406176058B7998452f934826ef,5
0x3de463ad044f09fbb343114c5dbca708e6f4a77f,5
0x3e0552dd30fae738833d90b03e46e7927cecd174,5
0x3EC785c4089C90327ee051CdD219bcA7c1924D01,5
0x3EF22Cd1B9b1937b283aE897381d28cA9ba1d0fa,5
0x3f24B00e76A6C671E970E81d9E9D008137590914,15
0x3fC6b75173C2B131fAA3De76475e7478E6477028,5
0x414f938479592A08fF2B14d02f463691fAca983C,5
0x4186B5c820B890F6BC645bB5d30191b463977eeB,5
0x41cE7E08A9c06e5e3D8Ff5FdA12ABa5f3785D60B,5
0x42233764A03c8B7F9800B72D9C3BD28e6784b86a,5
0x422a19AA32064C19FC31ef8030C6F1d1ADA9b09e,5
0x429f39a97056c6016f6Ec95F2F7dC1e62272C6F3,5
0x42eB806791aA330e1868918e3bc0D98495CCcA0C,5
0x4303EfEfBdB12348775d3e44b46B7C9A2209307f,10
0x434a8E29AcE137F03852dDEd432FE8Dfa33bdD38,5
0x43566f1A800f18a9E7eA0AA5Fc81522fBe11a4Ce,5
0x435E8D852944104630Dd4368FE38520904171b49,5
0x43b7720f33f158f113853867cab4c326c31cb3f1,5
0x43F446ac20206CdD2590661ACc8d6336aa925640,5
0x440F046aFDC085f7C7C3Fb7A664E75afeA93f780,25
0x4416c44A585DF8Ab728679B69292eaBC6F3418E2,5
0x4478DBdE17722562B4082795D375Fc06261F5a49,5
0x4480e24A2bF954Fa17cA3ce9b4859c1769f0491d,10
0x44EA31ac7ab8BDc593AD8D186cedC95f13B3c9C1,5
0x44EF4569af7C937b9df030d5f5442efFC7444262,5
0x4599fC0e1cF81e8EFadda5f4715DAB5339B77508,5
0x45A4d924917d29a9106C64f2E2Ea61d6233a28F7,5
0x45f4ffC68fb417cbfFE937F16d7A0EDC697Fa75b,5
0x4624DCB7afdC3c32256519141938e72FE66af423,5
0x46cEf15909C0Cee9bE66fA53DAF17761Dc51E8eb,5
0x47Fb97ad7482Fac909F3ca389254a62BC1CE43d5,5
0x4802cB8E214fE132512C3249eEB89C016A82e2B8,5
0x48c3DD4E464CA29Fc856aA4c17584Fc2daD743bd,5
0x48c88FcE2cA034b3Fe36A1808924b3D94c635522,5
0x48d33E7b230dfe9Aa032cC75B4cE7f9414E58A83,5
0x48E4EA89ef50d23c367ff27D1E1CBE06Edd5Dddd,5
0x49493CF369066184Cb0CD9C86c2E2D1E66Bbc430,5
0x49f74133c07169d3501e801581cee43b01f3960f,5
0x4a4F50482A63B39eFCbd1da7fd8b0576cb67d264,5
0x4ab438790595aE280905e2f6fED94219d13FD99A,5
0x4AccEFFe7bED66116DeB7eb44DF0b6c8A0Baf83b,5
0x4b0eE96f8A42fFe127feF2b6961916fDB5778b84,10
0x4BFE2b8dcD609FD47a734Ee9347f617a15298B32,5
0x4C1D0bB8e8710F8A7F49Ed50BF978e5C61c5844b,5
0x4E8D99F6F1165BFa498E09a7Fe1c7F1905763873,20
0x4f28fFA23F586C6Cd3aC1CB02ac1CEca93Bc6692,10
0x4f8b3d5d14c8639461c884f0b61fe9480b015e2f,5
0x4fa90A74a63B10E8e920bfa6A3ef08D6492c4A4e,5
0x4fbe64a6aAc12412cE99949dF493Ffd44939fb01,5
0x501728987144a1ef42EE2eEa52eB71ea5C0DAA29,30
0x502C4567fC68B57A63f7Ba470269dfC472de1a66,5
0x507114810d37513DD64da2DD487CD58617727EaB,5
0x50D5B0fEd3bA35BE5024492C0730E726CEbb07C4,5
0x50D7bc7bD6B7cD208b98c5E677A4895aE57EC96e,5
0x50DA0Bd79A328B8E466232fa1618dcD196ee8fB6,5
0x51266dA26CD3B69beF27262Ff4e7722545460f20,5
0x51302a3617c3054F23759EDc8A7B200197Da931D,5
0x51708cb8bf7ebb72406a73e5252b24aaf9ef33e9,5
0x51Ec745215Fb5831bDb0C291d0657BC2De44902b,10
0x52592b6158E4c8e75b56E2858300A02cA4606c1f,5
0x525BCF07F5e518d9a0301d57A943311db00Fcc3F,5
0x5359A7d6669885e074299AcfA4Ca20F2487F4fFE,5
0x53805bcb90C312381ba8CA9aa70DcfcDc040855A,5
0x549BF43385768b926490d906bE1CA890f70A1a00,10
0x54bC155D64bC4A72b484aB6bf10c97A7E1d28eC9,5
0x54c596FdaF8d3Cf4Ac78e95a7C9C7fE4E4F44ed3,5
0x54ec6766c0c974811d3CBC72587A0710a7d7c24e,5
0x554C46d33844c85eA496Ca45F14557B14113F11F,5
0x55E2820962c8393866fe686b2Bc04ed83Cd04B20,5
0x561c09Dc4DA5c1398bA3FB9260A308D930fF0c68,5
0x563c65990ed0B49480F2F5dd8b402af7ECc12b19,5
0x565C2B4757DAFdf0403199791B6782a5E051FB5f,10
0x5680F4c1795F8D7C949A8E06526c8377C9d1f958,5
0x56c160918F5558Ff694721cb384E31758146CD96,5
0x574c49f759E24c15552b338e1281F37dF8C7C90C,5
0x576b22828Fd547B844C17FD8601cbbA5b3c254f7,5
0x581cE6C63B9ecBCB27839fFeB1dAf9A7Ea4A62e0,5
0x582fda43907870202780fBdA07c8A3c9cD469d77,5
0x58305995B0223D06C24a7b755e8B14E80bd78f47,5
0x58E7a52625E5C243858d4722753f8E6278b66e7c,5
0x593916B0631238Ea6d259CfC9c6D33200bf66562,5
0x5A1F1F5cf4F816090Ef86F315d5722C93Ae5e1fB,5
0x5A497ac9ecCF91eA929Ad117a09E0B20D4D5Db87,5
0x5a637B17Fa2D65Ad2b3c8770D83365E5627fb9FF,5
0x5ad217E59cFB8d293D0c06698e9DeFB58C3b4801,5
0x5ad4DA853487d6cf6FBd2A6B9d8ef04834262B95,5
0x5Ae0c4107e0Fcc0A0D6274B84344cd4B5C0e85fe,5
0x5b03f66f8bf18526abf6d6f9983ac175830cd1dc,10
0x5bB140dc5b7354215a65b0a41B36102B870e354D,5
0x5c3Ed24a9567d61622a25053CFC4C7E56d6EC4dC,5
0x5d84e3940aA4d2790AA99f96dB51CAa9c2605F69,5
0x5daF0AC92C0FcB2Afd096214557b543705Df32aF,5
0x5e044DB6D8d5551BfBb1bd1260BD2912D1Dd7B25,5
0x5e192351adcb91d806bc4d04159e170b1a3254f4,5
0x5e420D80a18B3D691E228AD10D7D6aE86e19B96b,5
0x5fb2F31759386a16c3620b638D9Dd98faa4CccFF,5
0x601C24321475C2E5B1Bb41F7Ebf9cb10206dE1ca,5
0x605a1ca9E3c13Bc544ffA38D58109A97deb80C0f,5
0x60892B82c1296947b80f80ebdaFe0980465574D9,10
0x60bF9EEfBce2DdB44257f2137B4D775c1216E791,30
0x60EDF9472d68A6DfdA4ef9d7D56ef74aA8f2c296,10
0x60f89319Bc9E6d405BdbEd72BcEaC79a3d7B2Fa7,5
0x60fca43e7eae372d994ebf98656ebdd9d4611214,5
0x61413367a7c98DF57bf235034603046391eE0A61,10
0x623937F4E87EfD92770F5C159fFECa9AF0F5878A,5
0x626C2FB4D537A9B2b772Bc92c99842fE31A50e09,5
0x633A6257Ee49193d30db04933AD0B182Ba2058bf,5
0x645b3327409E0951a8a336C5CB060B6bd7e84DeD,5
0x6520ca57Bef84f3E3194D2398260451fbF7FAD43,5
0x653a0D1eED90be182329139DddAD9FC2f1373F42,5
0x657c80e88d91fB607F7FAfB4a18ddFb9Be8EF2C9,10
0x65ba76C855Bc91C7EBbecaF7dFA19419D64CDd02,5
0x65c274409F75178F75CDE6CF57546f6ed95415c8,5
0x661807A725eF3108DdAC503E568885D6828AcFce,5
0x66cE31d3a31E1845C44eD8952c6Cb467f046CEeA,10
0x6735F744650D0A5c909E142f351baaE635290a0A,5
0x67411Ba058Aa16d5dE986dCAFD9f2F7D94f8d89d,5
0x68467F2628b994f1Cdc7e355899a8002aE9F8863,5
0x6866ffe9e0db9ec31bfae5890dbd16b8d15c49a3,5
0x686eD2985b6322401767d6D788289e4993D13479,5
0x693480287FAd4D61547587E8E4EEe43a914b00C8,5
0x6984bD4F98C02A04C0D9002281e614EFD27C1c41,5
0x69b3BC8F846b12Db67164562cA625268D355A184,5
0x6a7a142038e06f90dB1a217ea43A8b56637fEBeA,5
0x6A977294aa2dD3a44f18869fFb6f2f4522f39C64,5
0x6aafD85e93a3325cb0A8c1C594547EEB2f50be88,5
0x6aB0EEACfDdb6f7f0EC5bc440744d18c7D25760e,5
0x6AE7705C4Bc53253F5185d0e0382219642285FC5,5
0x6b2665b190861fC0cc19e325Ec2CdD76A06311bE,5
0x6bE6207EA22CA46aDB35201dc52505df1f4fdac8,5
0x6BfDBe2faa20F7dDfB05b4C51ab1DF6e0Cc3d924,5
0x6C23F3369Cfdc18e5b1C57BA631bf202CF946940,5
0x6c772c84284E51338Bd19f4A4Eec511A9887A482,5
0x6cDAEC38592c44D9E6142E87D9ffB4C9adf5D756,10
0x6D2B92762C9FE91B4e62D42FbDF99B7d48C9c432,5
0x6d7aF5735e2744DBC87fc7Eb033627a0D9A13Ca0,5
0x6dAE1ea5873BB69f8E8942d406488171297582eb,5
0x6e1863477C82B5285C1554dA2435Bc91163165b7,5
0x6e1b93B7DaD36163B627A221FBee7620656220bE,5
0x6e79f9Cdf75a7EC49C4D84Fc6dB3aA652C24D968,10
0x6e8e7e95b6a8DDdA38c94C96035bF70026DC5F92,5
0x6F061bB6775eA936142a16643bde483D7698ae82,5
0x6F165d1891A29DfbBbbc270c70477D66E063c6c2,10
0x6F185FF138492b039CC1e449882CFF7f10F06590,5
0x6F2961f8997B020D9c771238b5292e568F490F91,5
0x6f5374C1fdDCb5EC98B495ed863d1bc8401B8188,5
0x6f797F8B349b34821D8Ec65f3FD754E9c60cFdE6,5
0x6FCE5fE3d420ade650Da227667a01B2b02616eC7,5
0x70310dc54cE52333acf5b2c81b9099658461197C,5
0x707083fdeD76DAd1Eb283BeE0f9899bF62F68ba5,10
0x70864EDa440dB94F5Bc5894ade0070410aFf3b29,5
0x70B82958902e30Ef4fA7bC362Af5f2586f133184,5
0x70F4c2c05E6847cE58c0D5a760f551E9dF1EB133,10
0x70Fa65830aBbe6969e686c49c701a30A34bC5d01,5
0x71031f57625124ebb526b0141f38f47f2146a171,5
0x713f4E566CB255A09045893632DB4FE9BEEF82D8,5
0x718371ebB8EF8F29bd4022C9A2b089Ca90Df770D,5
0x71d77904ee7f65a769016732d9f31571b90495bd,5
0x726108445c81803c5a66006AB69F72aE24cD73cF,5
0x72A82F4B87f1cACBC59f17Ef14bc5DC4739a0491,5
0x72b88452E7c60f6dC0703bC0908D11428ecD6B81,5
0x72F0236250f3C1489C80C37afE09D5701d8bA4C3,5
0x732Ca7291e488b33d17ED956c8b53D4195B8fA8B,5
0x73642305842fda44B6412B6BAf799501A4218c2c,5
0x73A35F116FC22ccdeC17611aFF8BB69ECa44FF41,5
0x743188b802Fa8f0d7779FF005046630fFc0E2d77,5
0x7442D86865c752bae7B857BBf2954f961737A4B4,5
0x74474AD5641E3DA81ade8E4f0019D73C3706d970,5
0x751F6102A51047d148e510C20FF88c60eC9a9d9f,5
0x757E869dF400255f64b0d6a0B87cC89Bf6611521,10
0x761eC13f68A16B1BC566b1d320d122cdF35Bbe77,5
0x768F3DdFD63c0d2C4794649FAc93769359585b28,5
0x77d25848b2396250df5860ae566F7c341d81efac,10
0x77f7A04D3215046883B5d4c52419522c439b39e0,5
0x783306462acFCd4c64c1F5d9dB864f501aC18743,5
0x786FdabA1860D52B2d515FFB024d568FF1e309b0,5
0x79072d0bF7E7441C9a908EaCafa472005939191D,5
0x795e42967c1eee76bb11A1AFc843d8f76b61cBaC,5
0x797B70391574d95A65C2de61eC4360e0cC2A1398,5
0x79f1C6fAe7f6B7cb7474E4238dec8AC9191c8C33,5
0x79F474802C6845FDDB8a61eBe668a899ec6FC1ed,5
0x7a93305acbE39F152885d22e181eDE8E9A5Fa46e,5
0x7AAD597e93bf5eB0015445A20cBA1667D970Be7D,5
0x7ACf2D8e1df4a1f2CedA98f1D6e74704Ffdd0a95,5
0x7B7CF2B6E4122fD754a2dd308C61C7D7D3Ad88f0,5
0x7bb415fc33E850ec6Bcc6A09281bb80dFAD81a6d,10
0x7BeAEA685440aCeACA2d14DBA4F5480aA0A7b1F8,5
0x7c6a82d662ddd228597f05d69af9c9cafb4a083f,5
0x7cDEb6688b2B9Ab7D1C90ca62C2E7e84A1d41459,5
0x7d74142FF29c1cF7adcfc00B178AeE80FeF65635,15
0x7D7c74E1C386Fc0fd19bCe745b9560d7D19893d0,5
0x7dc6FF11f59d00af00C9489FfFB939C7063902d2,5
0x7dDd79626FE7f18235FF24b6f9fF70a5b7086A0E,10
0x7e3057C78Cb47dcB2AeAd220fabab1F9f539932E,5
0x7e60352b1A4b7F6425322091825a5F4e239BF137,5
0x7E6FE082C012eF0493d3C2cf8E85D1e20Ee69964,10
0x7e72f8E8b0F1EF05bc63b76F20C8358446204736,5
0x7e7764C7806624f0DA6591555F214736493FB972,5
0x7eaa4f245d4569d9fcC8C4bb3E501C84968cBBc7,5
0x7eee7a13872f17cc735ef1c0900c09c3e2ab3315,5
0x7F1FFede2F5b95FE3Cba2bb56690fB8B2f5645BF,5
0x7F827375BE7252FE75E82f8eD777439A84fC33D8,5
0x7F9e76E6f67752eed28a43701D70eE6263Dd88d6,10
0x7FaA32b18C874b2eB4B42bC0d0924eFBBed49423,5
0x7fbA318dAF1df62472FF35fB8EF8c08bc334Aa0c,5
0x7fC57fEbCd6479FeD00f966a561f6d64A55465f3,5
0x7FD58355b189eC46a31bE059Ef86058E42F15Bdd,5
0x804e0Ff489880f1E990F69d9EdCb04629ddc8200,5
0x807E4BB89092FBf942b183a9E3Dff9535Ea9409e,5
0x80B1C05f19A74C08f70EEd226B11179Bd367E4D4,10
0x817a72E15A45bDdCbFa4140fd2d8823486995eFa,5
0x81828e28c5CE04e5c8E34F79E1729eA5865f3660,5
0x81B816286E43aAD8F1Cd2F6F98625654A06Bc167,5
0x821220b32496264A48D0c94fd493D203c91425c8,10
0x82B708A9929bbD7f9EBaB479262F23dCB1340249,10
0x82be6551ccab49213cbcef7151ca59a4c0ce12bf,5
0x832f883F1a8d291332fe5671829ddF0887fE9988,5
0x8342FF052E6344148BCcB543461F030ba38E506B,5
0x8358FDB019345cCd005707FB6F5b1f295c958254,10
0x835df352342A51E8C032278A6cd17072888d9669,5
0x83e02EE65427799b0276d88F36C64688B5fAC526,5
0x842fc6Ffb4dddfeB8BfD6FE8d30fcfB7cEdDd039,5
0x843B7503fE60a0989420c5Da5b71136B634Cd0EB,5
0x8450DC9630511500bE6BC9C44F928444B3919231,5
0x84a779Fe2dDA1eaf01D1Ec7B76674ADC4C6dB523,5
0x84c2Bd9BE9a77CF84EBa24F66b42E194372Ca27C,5
0x85D696d25fF6120562BbD082481928d05dc1d6AD,5
0x8614d1E6274D1062d7D0D7edCF6DAaa1B70C2601,5
0x86e2b8937875D43B6f6C0A4f76FF1A3e81cbA3c0,5
0x8720B6c63c5466f82C09795e2362d3b58C1A9Dfb,5
0x878Ce4571F8DE67fDec4233914e3e099CD08a622,5
0x8889Be149Bb4b04D89A2cDC6e69ABd0816a74B0A,10
0x88A78e66dF72Dde1e86504aeB2F8B297Ba3D4475,10
0x88Dca7edFCDbD7fA15e2144Cc0178D69779BC9A1,5
0x88ddA53A51869018030e4390a477D45100722b89,10
0x88e6106fF439A5cBC15B8EE6e9fADE5F58A1c828,5
0x89687738f15C547Aca6D265135DC096C4010d57C,5
0x89FeeCB8d919993A81DdC7295CE31641f965c14c,5
0x8a32f2525968546c079615F3E366A39a7964a9fA,5
0x8a55D0b29c87bd922D5ac1041e65EBDD3197C6fa,5
0x8A6d7eb72972F6a90c5F663E761dF761383040e2,10
0x8A6e337Ed910265b82a55AFCB890f1F141371a9F,5
0x8B840c99Aa60A2Cb5153f62462DA1EaC59c1dea0,10
0x8BCaab446234072C1CF32AFd247fc716fcb976e7,5
0x8C173B4Db3945a8b100d043535Aa460c3ca27004,5
0x8C3a714287b1D243839Cce94465bf79F5d07e5Aa,5
0x8e2a45b1a71C1220EA570A489C807A871459F8DF,5
0x8e768B687b818afE10fF28ABE53aA97D1a21824D,5
0x8F13728f74e3fC66F9f2e04c2A7c9Ae23645fE86,5
0x8fb608aBBd9b21370D80545cAa28af41ef8a6df0,5
0x90562133FD5cB624539b0771642d8d49ED34E382,5
0x90e6eB9b7a6fdEdb1A9C80291337189484255849,5
0x913a8dfE2fAeB27b5a78927875E6E2EA5aE74331,5
0x9153316A824D722d8070B79B9B4611A9CFfeF5b6,5
0x9163f85b84910CBe1ca10D91Cddc55F8adC30395,5
0x917EFB13Bf6e8C5e0c01deB5293dF0a0c8E083f8,5
0x923580F5E348825d34EA4Fe15f357abe9eEd5aDA,5
0x92434a92D0D6Bc2fd2840eE4f00273FcDC709350,5
0x9248ed1D3B5B3f931F66c82b8d19EaC658C98d4e,5
0x926A64c0554eA00c2940E3198b558E44b166720A,5
0x926b2148d5a66D3185453F70843b8cb0519e6a76,15
0x928FEEdE98805221587e6c0E29ecBE3e6C45C4F3,5
0x92CF6E7D877e7247b864FFC87a353F69E69e42a9,10
0x9305B1e768f39da19938520D32dbc8EF96dBF4E8,5
0x93152e1E32e1bDc07e7b425D86dad0D7c53BB3fa,5
0x9320ea46E6e9346744827060D2682Cf6D96b1fA1,5
0x932B0a53fdDcfD52c3b80573ED10D3fFFE96c427,10
0x93bb217C29142D6893F40372FBD3481360e92306,5
0x942CEaaB5f9390cbB636822C8dfB8f8923A5681e,10
0x94A41ba34b96EE3f5Ff3683A235a4d79568c582f,5
0x94dB05067E40FD7E22ce027c29aB78dE40fb3dF9,10
0x9506E7bAFa7267c7C488F73782181438A16a023d,5
0x950B66805e53d77aa49cAB3d9d6Ecf025eC1d43b,5
0x95566e864800F62426E58fA8733ab39B70FF5E5B,5
0x95b2932BfF76743Bf5f194E20ed811753E0060C4,5
0x95B58f35b3d0649d860590d424Bc19056faC5DeD,5
0x95Dc9b364bF478c27C5b08AEb4d16F6A9d59Bdb8,5
0x960a35D02E5897d9f0DE18581Affd3E6754cA135,5
0x9660BFff0a887F187ac27e84A3519991a5f04Da6,5
0x968a1F45E3805b5dF4B8127251eEff233E28C097,5
0x96DDb9DcE2C53f04bf2DCBdC6793E928f89Cb9D0,10
0x979804dF4dB2f5c73bcF84470E2A89Db7c0B91eB,5
0x97A35BC1430359947572d8a13ed7230d5936228D,5
0x97C6B611DD2BE5C28723b543278DcF62aEB8346F,5
0x97E5F2D96238b696C787436f8E8487eB338a3837,5
0x98DD839aFE860f51f082DAdfa2eC143cC17F967E,5
0x995AD106A09978dE8633304214E2341C686b11ca,5
0x99d61a88133909d582eEe17D490E4909fe65fc77,5
0x9A3cb8A20Fb19e987d8AC14a40f4f3860DB43d5F,10
0x9A6D9865AB9c487adD3242F80e1ce32c46de8025,5
0x9a75d9f3229E9f3e97dB708059dC6a7CC9e3dE50,5
0x9a948bADE91F1E993e40fe4256c06a5597EcAd5b,10
0x9aca5341a1cf86e2acd8d5e1143f862362343765,10
0x9b07F9037d3D67c3344Df6A1d55B75c11dF9d683,5
0x9B93F1DA097D8690A133B4a659a11460Aa3cb7fd,5
0x9ba39F53Df67915a24f4fae4f249F040eacd8BdA,5
0x9becf5CD3f5F3F37f51B627E46ec5Ab65f652F65,5
0x9c14e9B4F08eD7EFe31B32a3F3813C31E97E227c,5
0x9C61e54D4b8C4e22D480eb2F82096257AdEBcc1C,5
0x9c8e46Accc65A2c9D25c74034A1FcD29DaD31559,5
0x9Cd13499FD76FDcC9ab1545265928C9e7a6eF0D2,5
0x9CdD63FaA5de6821C02C3F46dc1B8A0DE26D2354,10
0x9D15B88c36fF0dc3785ad91BA299Ee0f6617075A,5
0x9dD958cAB3aAFA68feDafb6066C9C247150664E3,5
0x9E0C268d9D61210f9c16A68CfBf5ab519B51DeaE,5
0x9Eca182d3279685E2860C441c16F3950994016D7,5
0x9EDda8b9321CA04b0011813E1b534B261e95dd3f,5
0x9F8A68f0E835009e19b8b352e7326C7B7C57eFA0,5
0x9faC117772B6b5874f45c4D4a0994069F6d83D56,5
0xA0509228Fc79577bFe09238e1BAa8dF0a2c745Aa,5
0xa0A8AE8067E531766F8B40b4761c8263C6Dd8367,5
0xA10c56905216D1612211fF3192E4E3d8940D1955,5
0xa11538737CB1f4226546314a98DC8389905112bc,5
0xa1398C071B802Bf27dC9574DaC9f89ABd02309D8,5
0xA1446AA1E1d2ED7325ACe574E22d980Aff6fe0C1,5
0xa1923aBe48433a7036179dc4Cc9059670B629433,10
0xa1BB73470F8d436Bcc4fB4C07a2b38d75D39A272,5
0xA25d200f61bFEB037b3D9301f29C880B9A7ac468,5
0xa27aEfaFEE553237C1Aaf18DAA8160970E1d7637,30
0xa2c27e6A30cD76ba0117E303E5b30c7B3129f8C1,5
0xA33A341c273Bf449109686A8A3CAF1a560da07D2,5
0xa341D263f2F35e7C3D029f52735e4Aad8Cf10a2b,5
0xA368A3ED96a5872B826F76a05F6C5Ad64D001bD9,10
0xA38A23106749B93c0BA080dA317884532Ce65c67,5
0xA3Ba6Cc0487bef01cf5DeFc31EbBdEa24ee61626,5
0xa3d40f6a9564D86F9CC7e506aE3eEeFE52E4A272,5
0xA4207Aa528240468A706B0da58FE8a15651A65CC,5
0xA4a79d7B155B394b42B44F75De57186F134797Da,15
0xa545a8e0ccfd7607bdfb2f41cb4fb3242c3d4f16,5
0xa559f7AF56faB1b751ECd0eA0B897360B9466329,5
0xa5E0C713AA2e0Dd3CE4B1e98CC25dCCE3d6dc6dA,10
0xa5f2fc55f622007b3d75207efc3403d001106257,5
0xa6572824bFDd7269300f0704e667184De578b164,5
0xa6771450eeF5Aba992CEd81338E599d31594D86c,5
0xa74ff10b2FAC88C5e60B972E51579C55c0Cf34D8,5
0xa792e69EFC516045276e5daAF805f784a5b69119,5
0xa7DdF2B7Dbb19d222a9309414692e1dc483d7716,5
0xa7f58bfcc07f36ff333463cf8878d393b41cdc28,5
0xa8121A523A6D51fE3716A6fFc05C25A29C9C6Cb2,10
0xA8a098747967b3fFB03C8C5183B0cbF6FADc48db,5
0xA8cAD104CB95c5d11E2dbD75Ba420c740af8F1AB,5
0xa8Efc03d4c8ebecba8a62e453e2267F5Fc6245C9,5
0xa8f1188e86C4B6Ec3A7bf991f4bF81FbF94698D6,20
0xa98807EaE4928CF6483c78eB5AC5fAb433cb4bC6,5
0xA9fAe2F408afeFD7772Ed761FB0BaFad489901A2,5
0xaa48250B2c5643Be1D0662Ba5B5B8D90BdB19d02,5
0xAa4a3fd248a91CB38e7459aad459eC627ec6c00E,5
0xAA4b03ed689a0849F6558D49d1B79b237D081943,5
0xaaEDa53b729aA125e15a02e4e4B64641975A3d95,5
0xAB051b857dE3eadCc97ba4849ab516656D639f24,5
0xab2bE581b5479A7daE5F301025e633E14Ba277F3,25
0xAC363a13aB6b8Bb1bb89e8aA37B96EDEF0d57877,5
0xacDFE5b975a1642bE4E5D969843Bb07DAC19bA10,5
0xAd1C4D24035C05e3f9B946191f7D97D52B6E2Da2,10
0xAD2E1ffAA601C506C63dC60b5166f85b28cC173b,5
0xAd3b45fD8c4ED51Fe6B5ab6c267Cbc71b5211a04,5
0xAD99CFA4DE70c8cd799416796A4E6E57D7a7E56e,5
0xAf33b9de6579C1eE8443A85a6f446B42029A1F98,25
0xaf444Fe0922426c16640D32e080a3b2cc903132C,25
0xaFD61295A3C9E12765F16f680D62427db9E7dd38,5
0xb0e290dd54b0780671fe43d1a76792377a6288de,5
0xb11d5d327356fcc2b232bbf8151d9a28454cfed1,5
0xb1488884Cbe633622b63b8F93248041DB198b083,5
0xb161F193b5029ffb4aF48Abf591547F2bc7C9FaD,10
0xB1b9368F559Ad089867A9863136C1331C1e466A9,5
0xB1fA4FbFad6853F4A2748019aD8092f287E8F5Af,5
0xb25349Da425153c6746F03ae4B33E6371B59f198,5
0xb2d29cd47d4c975ecabce4726cbb94af15a7da4e,10
0xB373371f20db2B41068a2110a7FdB63009234Fe9,5
0xB3824Bf13727fF5ce8CF7718AaB3aC784822D4AB,5
0xb471EB77f70f835B446f5ee4cAd70C101355e515,5
0xb4FD4a00FdDFF34257fBDF4B2a99bc4bc4d485fb,5
0xb50D27A3222cA318960cfd833B3c17D091c088e7,5
0xb533e24E060dE4e7c8D8ef4b14d267dEf879c96d,5
0xB56e327676BFDD0B0ba16026B62A01267Cc5103b,5
0xb6145075a6d95c16a127c85eed5c9d2852dd8dee,5
0xb6aCBcd6270955Dc3fA830FAdb5309B835C8a23F,5
0xb752EAD9d795A8bd4e6196a6B2Ec3922827bC6ed,5
0xb77a4c8d8a34D78A7139626C588480905Da4056e,5
0xB78cbbad1A739Eaf26EE690C79A3e35D17fE6900,5
0xb8A84dd458f1CA94e6B03C59880b1e241EddB76F,5
0xb8Ed5C2BDD93D624DF8D9479bD004bee6182A876,5
0xb95F07e3EbcB92406b1F5ffC36920B20668350E7,35
0xB9fA35AD52b26C92974352FE83F65b924a4155e6,5
0xBA0504CB1aeF107E683caAbeb7aA880592aC1962,5
0xba3fCD4756EcB638C29969D162162e666E3c1d16,5
0xbA46c452c612fD062F18fB8B04BD025ca847854E,5
0xbA4dfc6e95152af8836be505b02b8c4cC9BF5689,5
0xba57E44b0730E249A509750522cE15A4Ba14D7Ce,5
0xbabEa43562c73D1D85ACE097f75f3DE0B10D381D,5
0xBaDc089A155B2189A15a035C740f09a16B13a204,5
0xbae21a29Fc7e79067806e798DaD2dE29a285F848,5
0xbaEBA9f45C308651b02D6966Da827724b64234DB,5
0xbBCDa9FF336913945f4752Eac68d5eA7eD8F2506,5
0xBbd6843B50607153B0bfB4ABe272D9D191Ce1596,5
0xbc55b9236fDd023D8b9b3F825a3657A559D54C3D,5
0xBC8843Db2c6E54063b259F9E382bFA33Bc0195fd,5
0xbCE252A0318CB50A6F91A42c7C785c8e65c70358,5
0xbd186b2A1A181bE4c5F451cE4f13F6b1e7c84991,5
0xbd22fF2D97E949911807c2F142d609ae40522CEa,5
0xBDec2609b3B9F636Db5D6a9b0BaC0970B1FA0429,5
0xbE04B0B15e1772FceBF489164934C5F205322A60,5
0xbE2513b928d08BB744Ad851Fee74168E2DEAEdc7,5
0xBE2C3DBD34006819732C908993EA3020cf078AE1,5
0xbe5447d5807cF72DAd7649fD04A2a72b9aeF9415,5
0xBeBeEbF8e20382b28b2BfD5aBf5A5996E3Fa028b,10
0xbee352b8400A596d486C450000b9b15C1f061529,5
0xBf115BDFEc9438d0CD7fc9f163F4552D6A979C3A,5
0xBF8A62e32ECF0BF3bD7c9856EC0E072F70308e48,5
0xbFf371cEcC4E21FeBbA171Ff9123E8bB2Fa67901,5
0xC00BE3b47E0b4869910711697a544807140a0BC0,5
0xc0E6fA3710257e3EC18d45039F3aeFE224a0a2be,5
0xc12354282335D3e45fB0eF79507FaA793CdD4584,5
0xC1557455aec103e66416107778FE30282784e690,5
0xC2037191a16C4171bc4a0DFcDCc55019A64d1914,5
0xc20F8B06e3B6D64c9b24F97Bdc2E9f5470A76BF1,5
0xc263d2dB3e5c2668724a366d3c993fA970d75485,5
0xC2c780c2ee13f71256aB267D80920D5092a93e74,5
0xC31aA665b4C4F7218D956E4a218ef713A5b3A9ed,5
0xC31E7B49e296dC52E1C93Ce10b868b0F3F063133,5
0xc35fbAb44691cC1CA6F6BD77588D6Ca80FA675Cf,5
0xc387fef47283404De11933E602Dd15d21891027e,5
0xc3984C0b35bf474F872c088621a7E144A8BB6D67,5
0xc3bc628720d8ae0436623987a2a77F96e87D303a,5
0xc4a7e604E1a87f10a2e8631710eC9bFfDD472389,5
0xC4Ca80F36b2d65C27A84Badd5fDa7906ABc08AC0,5
0xc539E52E06514cf85022e5B59611EFf005bC9B0b,5
0xC5b7e9fF27F0489b89d2B162E4419DE6F3a32Eb8,5
0xc5BBd4a522B14E32F284987B04D0055e1F038e50,5
0xc5Cc679325f40176C4DCC35396d91Dc52F396116,5
0xC62A99214513CD2a56552F3001053096489243ff,5
0xc6dE141Bc03B8410d06f264C67D683892B87982d,5
0xC7513226C333F50D3c584a58fC1BFc3c4F8132b3,5
0xc7982de8f18342DAA2A48fb7aE1E336aebE94c74,25
0xC7a0f25De9579325b6120EC9b21845341E2c3Fc7,5
0xc7bCfdCe145CA178ff5BB5da834eEA35db639746,5
0xc7c9517E934370EF02fE1d5B7531717FEC9199e8,5
0xC7CDc3b19e0f5D5E4A65783CdF526Bf2012cEB07,5
0xC7d76c90ABbcf3e8F98fA9743f10b13c6e7F1606,5
0xc83112b5B1dBd7b868F3B6912ECD83F6f4FA0C58,5
0xc832a2E22f86A451F00A6d13eA6938063E16204E,5
0xc85fcc44005A1D24142c6B347a0256b5E9306C10,5
0xc940b534bc33139f964ccd07005d1a27713860ff,5
0xC94cE8e16720fEE056A07C9cE1Ff1CBe1CaF76D4,5
0xC983A2556081AD7fbc544A51f601B9Bb1274eE5b,5
0xcA146730f9243aE2798F959E9d7BD4D2f2E54814,5
0xCa4A2F3f20E8A79C306dcf089912324908e7dd71,5
0xCa6C4f677A12C52f86C2bb6F835004C6AC86C264,5
0xcAAdA6776Eebb2C3938E3A3Bc1546cd34e0164e8,15
0xcAd2966783C378546c050d44D4E2A366FD353519,5
0xcB25b87543752b0F6749e7B68bbf8aF8250E2060,5
0xcB2920529676527be005f2623e3ba37A390fb79e,5
0xCB2d93Fb699791A72893A8d6E07800f0a0724C95,5
0xcBB9Fd342f40dd9162d825A99149fD4Ee1fDa96B,5
0xcbE6F732eE1b94263E016A9b7d288CD1f4f6014a,5
0xCBeafE918D2138CEff74Aed52c0b72507b5135AE,10
0xcBEFD07D4f80ed15b4782505224C6F8224d6518c,5
0xcCA7efF9dF690FbBdF4dC9E9dA944dC88DAF6C12,5
0xCcF33634d86BceA52717095406FCc984DDDb219A,30
0xCCF9B8d12C4aDFe2c6244f771e9c55Fe59e11ab3,10
0xcd0359b55aC9743a39B7F8fCdA23b7Bd384f35E2,10
0xce1a402C719f42353E7d6405967C014F47702D6C,5
0xCe763506778B9eFFd73FC685bfDcE360CB162a33,5
0xce8cC2441718De3460e0f4C2AE2DD3D9Cc906805,5
0xcEA4bb1A846378bc272fE071ea088A8B05Bd6100,5
0xCEceE6CaD14e249F9483009DF51F0a2a5972103B,5
0xcF9ED8D28D0028d6608B27a6816a16Dab799506a,30
0xcfb25D07F397c3BF71B55960D49e73A6153F3987,20
0xcFBC646Bc8c8F4312B53Bf7F32e9AB2a8BA2D51B,5
0xCfF2e1C3E7dAf8905e937AC98453539264B2165C,65
0xD00881Ee7a4ED1dB971243ec17a930edCF3dD15F,5
0xd0a6d39826a6eFEa48269A34DdE8E216DabB5bA2,5
0xd10bD0EE850dEc00a1b7E5664004216a022cBf45,10
0xd1BB72F9F64F6d5635FD89aE883BC9FdcFe3DE16,5
0xD1d6AC85C6e744D71D292C89f93B7d1D80e621F1,5
0xd1E8DA45018745810E5Ec4Ce39bd4489f1160aEd,5
0xd1eEd26bcFf91ff980aE9844774902A3bcAd0C8A,40
0xD23Bcd6237D5bC3A6eDd1447756152B63b183a01,5
0xd28450f097902f09625E7FaEeA22823f07B4BD0F,5
0xD2a75f1ebB6Ed6919277401a2E3FD6E3d828E086,25
0xD30dFBa9c17C00b8263D813446D7C096239aE918,5
0xd3ab898A272C2CeA2B2f015317c215aB79E82206,5
0xD3C3cdE2738721584742dB359f29e00132426d54,5
0xD3e871617372F10e596eBc51B389319dA5936b42,5
0xD447DCDCC5e7cEd6c5C4378d298Ba6D972B20C31,5
0xd56ddfe936EA9824f3954BbF653FeBc407BBdcCB,5
0xd5b68021f195931A965A46d00E089866f48cf8fc,5
0xd67a72AC17dEe4cE8C1F61911A918D0580C9C91B,5
0xd6c39Af77C6a09D8e23b7917D020BBdc61b474D8,15
0xd6e4dD30dCD41e002aC3B32eDAF4c3372E75Bf56,5
0xd81A36BeC48dbF3C3B1b02a9673b3E5a037524A9,5
0xd859A12FDa9f0187Fd623D0e5Ea566C59c1f2421,10
0xd87512D91f1f8B827248e8C1177C2c731c416224,5
0xD913e3690Ff3308f329E1D65bB5198acA8B31E4E,5
0xd94f502427E580A2D57F17C154D4621eBaCfB754,5
0xdA02eCb595C77D3eAe0c71735DC05fc2de4a1716,5
0xDAEfc26a3f59c3488F22A4D476a1C766F60aD500,5
0xDafbeC28E5ed31a8dF660438333536859A655349,5
0xdBE4d206960D111c1B11a79103217b442bBA6B54,5
0xDC47bEa185A084439514fDD5edd27dCb78FD31D0,5
0xdC897112D95Ed5943c1D6DdfFecB1665dAbbbbeE,5
0xDCF34Ba806E9D23386930C01995FE3A2356cfBC6,5
0xDd1C4B7c17b90aA23b767a06eEAC925b9f315fE7,5
0xdD3f34ba8CcCe45CC50A77223F14b9d46B868D01,10
0xdD8ea90f83334dc3ACC95703D422200f601963d2,5
0xdD9986275a8e6188252CB55e90bd18053Ba30951,5
0xdDa31f11E229A82691748417c1B6abB89Bdba12A,5
0xde2b8Fd6D1B4b6e6f6fcfa6102F34797B37F741e,5
0xDE37e6e517f03Fe67DEC5CC46fb10a99860DDdDD,5
0xdEaE0518901F8E984C5b280987eB472ed658ea0f,5
0xdEDD086EF5178B277b312304cB95a17F1d8e22F4,5
0xdef39A92b5707F0435d498f9aB3cbB5747692101,5
0xE0014185e6002e114cA08684C7a2D7FB8090d1C1,5
0xe03C6B234DcE945731A593283c234438e782cf28,5
0xe088030de39E1104e453568d862A955Ba373CBb5,5
0xe0A5E728E6a38940f0c940Bf59FA524D8956F7BD,5
0xe0A6fB6447D3beEE4d382E711e51dF299ce47116,5
0xe1047d1802a7e1491219e77a17bedd51eeb3340f,5
0xe1D4c13f3bBFeC961c34e4C2e70376390D0e098E,10
0xe1ea2d3EdcAc654295031e139BB9957C85F38E7E,10
0xe1EfAf3dBfD9F218d9fb75198F5c220F5F167ac9,5
0xE2a222618F30F908F639A743b0033024AB0c90Cf,5
0xe2c0E3Eb2bE28E292f087D2a15Eb036990d7aebC,5
0xe2Dbab27d5D1dbE8B108C9cE39FB3872b34AF42b,5
0xe31339BfD7d9feC8eA52cdaa5787853E8eDB7883,5
0xE3287Ac38A91F903488A2dAC34c796d2696dc73E,5
0xe466D62F0E1f8bfafA358f6dE5DA4F8224E2EA6e,5
0xe4916Bf1E5E8080a1dE039b57b3492fe652BC61a,5
0xe4ACF17BAbE8228Be5aeA8f4f908A9c572258488,5
0xe5364d3832aa379191805a25769B411585dbc2FB,5
0xE56C470a342eedbb2e001e70d1C5765C042EB349,5
0xe584cF2E71f5ffe495069fa8B6cE62f636617a67,5
0xe5de723d0691f080eb6a2d61351d8a5cfe38e07c,5
0xe6A0c67018F3e8ccCa4885dFaBF5f7E3a17D3327,5
0xe6e81730155D116dCD0A80A6656aAB303Fd0A6ED,5
0xE6EC83200fA6F55A3aDA624E074e599d74cFfA86,5
0xE743038F43F7A9A4e75BBE2C149C13d13F0EDDA4,5
0xE758a3F80f404d162ac0e621f3A06d73B388aE2a,5
0xE7D2c9E6EC75AFE53115C195BB78De9e3363B0Ef,5
0xE7F1b04343a674E43ca8152BbD513Ed95AC70eE4,5
0xE8C47862810499b5F5412A0bC27A0917058c200a,5
0xe9Ad9AD4e82CEE69Ec3316DAfce24867cbe0c8Fe,5
0xe9C96d9e3d2C6a8abCfFd6b12349455ce673B962,5
0xeA44B28986886B5C12357a33Bce82f3C837e3B49,5
0xeb71c55442cCCD81BF71c87e27309462F025ff1C,5
0xEb90e08721E7E94Ebf21a8eD94075d401C9A5E52,10
0xECD85cCDc8dfD44950a196f9dd8502bBb33585A5,5
0xECea2F8E3999721b59CbDB5ea4986A3A3BD300Df,5
0xED4b4a85597ba04960f85c14ACE9aD62b9aa884f,5
0xed56A717268825E4635183997d62BEA71Ab5678c,5
0xED7feafE4A3aBE2B12E3cC941A08ca5048534963,5
0xEe0706901a81FCfd785cE7Bc943AfD10eeA06906,5
0xEe27b78D0C154375Ac92E058B0019a071c407c49,5
0xeE5b9e00D97a5b4de5BADfEF64F3BA75148fEB8B,5
0xEe64AA3A3E835F7C7537175Bd052aaDDb3A1203B,10
0xeEf08488848Cd980E054e1c0A161d143A2B54187,5
0xeFbb4457d6F51812f9E8d283C57dc76E544f7Ef8,5
0xF07076ECd95040E942bb75fa95C0c85619A01309,5
0xf0841f1dDB46f988d606e563c19b1B137Bc7E02C,5
0xF0B6A804cCbf6c9817d6465dd8D1e5AB50B173F0,5
0xF14de9d70A9C8369D9a2Ce5E622Ab824b42cf0Ff,10
0xF1963C4a9cfDE41031feCcE0E50b0e4124c6722B,10
0xF21D3258B20EB7ffeBDaC0b69a03e7adF755Dcae,5
0xf2645A318AD4b0E8E1Fc96988DD3fBE3967E72C6,5
0xF2664Dfa7924d9F3895349bae785027aB9da1c87,5
0xf2B2CCfaA6DC071A40548A7073090eEAd085Bfc3,5
0xF31a31257E5e28802466ff3E621683664696e96e,5
0xF31bcc9250728ab2a580Ae831304c82fbeF4BA03,5
0xF3856eb33E99A9dC7C99dAB080ABC3B516f49D03,5
0xf38eaAa0DcDCe2bCA077c7EF29CD787731860bf5,5
0xf3b61515cc06c50df66fcA6763db2C55550D6D7e,5
0xF3c4b7Da7F9FA5ca0cCB618c1358A851Dde312fF,10
0xF3C8fcFF6BD85Fb30e3e3043CdbC595aF3BAb20B,10
0xf40eb549Cb4f79489320ec4c81432132184E183a,5
0xF428074a65998d79F176d0aeB619DC48eD0a80E3,5
0xf43223F245cc9dFcbaA03Ed89228c8B7D48d0E7F,5
0xF43B0d182bF744029aFe1e2A33677cf2a15145E3,5
0xF45F64Ed9A80358504d293d5a8415Cd9C3E61070,15
0xF523119cdA01d2A5561C689968EC5A219096158a,5
0xf549f28473FC82d1697dD671d0B0FD29C8f227B3,5
0xf5Fa7e390B50B15Af8a570B114C40433CA1B32a4,5
0xf6785e3d36e9a95c526de280f9b3c2a803d88cce,5
0xf69999a7e614651b22211410097391D48ff6D77a,5
0xf6a6D1C497d3923A420c7b349eB82585445DEE35,5
0xf79139505Cacf3061c978847E3d082919f25B7cd,5
0xF7aCA63C1C8732617d74bC3c20C20d2bF3DA8bbD,5
0xf81d26d829e309D5e55D2A844E70BE6A5fc33432,5
0xF83eFA78a9fA827c7d7302aB2ECD883775306F3B,5
0xFA23d926e049040B496Ac0Ff15EE53485cF4f4dd,5
0xfa2B14a26C66069A7AfDd7Fee494b5D8E23b3695,5
0xfa5F2A828282dD426D4400070B30F15A09b0c28B,5
0xfb1a1637e2897838cf8dca0c7e2ead6d8679e75b,10
0xFB49dC3232cbb9fAD61FF9929b30C9a709a28f72,5
0xfB799c6F7F991a858Ba605a74c51FFC82dB2e9cE,5
0xFC469170579f17b44D4623fEc782430ad43f86f6,5
0xFc81aff3af9A7EB7322294619569FFEeEcfA9bb8,5
0xfC9F8d15241EC36bD8d99513BD8c223E7cf0298a,5
0xfcda03C73ce975C17E3D92F2dD38C7c436eE6Dd7,5
0xfcFFdad8714b48D53a784fa7ae496D55e6dBD656,10
0xfd006cC36Fa6452B3b091BE2A60D81B91A580595,5
0xfD65d8f3e201E180DB55786Da22961B479AEE87D,5
0xfd78b72796b98572dd4e8999e7ad8ced81bcef19,5
0xFe0155Abf7268f3b85F50aafafCAE9821C6F850e,30
0xfF1B87BBe95775342eD557Ca9351E25C1c21e144,5
0xff323e442f657dca3d34349B25ef70D84665dc3f,5
0xFf33517c9C5Cd3F6050372671d62e2ca0d4319fc,10
0xff965b00F2777Ee848Dd6E45BB145985C490F1d3,5
0xFfc53D5e46C14b7CF36544DdA114aB812DBDA6Ca,20
0x9750536809695f9B7a6a3c6b8a6aC3BE3ed30575,5
